{"is_source_file": false, "format": "", "description": "", "external_files": [], "external_methods": [], "published": [], "classes": [], "methods": [], "calls": [], "search-terms": [], "state": 2, "file_id": 1, "knowledge_revision": 16, "git_revision": "ac614a1f150dcf1ba5f2167af0bdc9a0e2596943", "hash": "90955a932e0670bab6c64e76a83f68b8", "format-version": 4, "code-base-name": "video_game_frontend", "filename": "README.md", "revision_history": [{"16": "ac614a1f150dcf1ba5f2167af0bdc9a0e2596943"}]}