{"is_source_file": false, "format": null, "description": "", "external_files": [], "external_methods": [], "published": [], "classes": [], "methods": [], "calls": [], "search-terms": [], "state": 2, "file_id": 9, "knowledge_revision": 15, "git_revision": "c38575a24f0dcb4dd1748c1c27387d6c6c010872", "hash": "d9d975cebe2ec20b6c652e1e4c12ccf0", "format-version": 4, "code-base-name": "video_game_frontend", "filename": "video_game_frontend/public/manifest.json", "revision_history": [{"15": "c38575a24f0dcb4dd1748c1c27387d6c6c010872"}]}