{"is_source_file": false, "format": "", "description": "", "external_files": [], "external_methods": [], "published": [], "classes": [], "methods": [], "calls": [], "search-terms": [], "state": 2, "file_id": 10, "knowledge_revision": 19, "git_revision": "c38575a24f0dcb4dd1748c1c27387d6c6c010872", "hash": "d001d53c059625c4bcf75bf5a7f3fcf0", "format-version": 4, "code-base-name": "video_game_frontend", "filename": "video_game_frontend/package.json", "revision_history": [{"19": "c38575a24f0dcb4dd1748c1c27387d6c6c010872"}]}