{"is_source_file": true, "format": "JavaScript (React JSX)", "description": "Main React component file for the Neon Orb Clicker game, containing game logic, state management, rendering, and user interaction handling.", "external_files": ["./App.css"], "external_methods": ["window.localStorage.getItem", "window.localStorage.setItem", "window.requestAnimationFrame", "window.cancelAnimationFrame"], "published": ["App"], "classes": [], "methods": [{"name": "loadJSON(key, fallback)", "description": "Loads JSON data from localStorage with fallback.", "scope": "", "scopeKind": ""}, {"name": "saveJSON(key, value)", "description": "Saves JSON data to localStorage.", "scope": "", "scopeKind": ""}, {"name": "formatTime(seconds)", "description": "Formats seconds into MM:SS string.", "scope": "", "scopeKind": ""}, {"name": "startGame()", "description": "Begins a new game round.", "scope": "App", "scopeKind": "function"}, {"name": "togglePause()", "description": "Toggles pause/resume during gameplay.", "scope": "App", "scopeKind": "function"}, {"name": "endGame()", "description": "Ends the current game session.", "scope": "App", "scopeKind": "function"}, {"name": "resetRound()", "description": "Resets game state for a new round.", "scope": "App", "scopeKind": "function"}, {"name": "bumpLevelIfNeeded(nextScore)", "description": "Adjusts game level based on score.", "scope": "App", "scopeKind": "function"}, {"name": "updateHighScoreIfNeeded(nextScore)", "description": "Updates high score if current score exceeds it.", "scope": "App", "scopeKind": "function"}, {"name": "step(dt)", "description": "Advances game state by one step, updating target position and handling collisions.", "scope": "App", "scopeKind": "function"}, {"name": "registerMiss()", "description": "Handles a missed click, updating misses and resetting combo.", "scope": "App", "scopeKind": "function"}, {"name": "registerHit()", "description": "Handles a hit on the target, updating score, combo, and repositioning target.", "scope": "App", "scopeKind": "function"}, {"name": "onStagePointerDown(e)", "description": "Handles user pointer down events on the game stage, registering hits or misses.", "scope": "App", "scopeKind": "function"}, {"name": "App()", "scope": "", "scopeKind": "", "description": "unavailable"}, {"name": "loop(ts)", "scope": "App", "scopeKind": "function", "description": "unavailable"}, {"name": "nowMs()", "scope": "", "scopeKind": "", "description": "unavailable"}, {"name": "onKeyDown(e)", "scope": "App", "scopeKind": "function", "description": "unavailable"}], "calls": ["loadJSON", "saveJSON", "window.requestAnimationFrame", "window.cancelAnimationFrame", "setTimeout", "endGame", "startGame", "togglePause", "resetRound", "bumpLevelIfNeeded", "updateHighScoreIfNeeded", "step", "registerHit", "registerMiss"], "search-terms": ["NeonOrb", "clicker game", "useEffect hooks", "game state", "target physics", "localStorage persistence", "score management", "level scaling", "react refs", "animation loop", "pointer event handling"], "state": 2, "file_id": 2, "knowledge_revision": 25, "git_revision": "44a3edc76468eac9c988c6deec2a5b83cdc56520", "ctags": [{"_type": "tag", "name": "0", "path": "/home/kavia/workspace/code-generation/universal-fun-clicker-208013-208022/video_game_frontend/src/App.js", "pattern": "/^                tabIndex={0}$/", "language": "JavaScript", "kind": "field", "scope": "tabIndex", "scopeKind": "class"}, {"_type": "tag", "name": "App", "path": "/home/kavia/workspace/code-generation/universal-fun-clicker-208013-208022/video_game_frontend/src/App.js", "pattern": "/^function App() {$/", "language": "JavaScript", "kind": "function", "signature": "()"}, {"_type": "tag", "name": "DEFAULT_SETTINGS", "path": "/home/kavia/workspace/code-generation/universal-fun-clicker-208013-208022/video_game_frontend/src/App.js", "pattern": "/^const DEFAULT_SETTINGS = {$/", "language": "JavaScript", "kind": "class"}, {"_type": "tag", "name": "STORAGE_KEYS", "path": "/home/kavia/workspace/code-generation/universal-fun-clicker-208013-208022/video_game_frontend/src/App.js", "pattern": "/^const STORAGE_KEYS = {$/", "language": "JavaScript", "kind": "class"}, {"_type": "tag", "name": "bumpLevelIfNeeded", "path": "/home/kavia/workspace/code-generation/universal-fun-clicker-208013-208022/video_game_frontend/src/App.js", "pattern": "/^  function bumpLevelIfNeeded(nextScore) {$/", "language": "JavaScript", "kind": "function", "signature": "(nextScore)", "scope": "App", "scopeKind": "function"}, {"_type": "tag", "name": "clamp", "path": "/home/kavia/workspace/code-generation/universal-fun-clicker-208013-208022/video_game_frontend/src/App.js", "pattern": "/^const clamp = (n, min, max) => Math.max(min, Math.min(max, n));$/", "language": "JavaScript", "kind": "constant"}, {"_type": "tag", "name": "endGame", "path": "/home/kavia/workspace/code-generation/universal-fun-clicker-208013-208022/video_game_frontend/src/App.js", "pattern": "/^  function endGame() {$/", "language": "JavaScript", "kind": "function", "signature": "()", "scope": "App", "scopeKind": "function"}, {"_type": "tag", "name": "formatTime", "path": "/home/kavia/workspace/code-generation/universal-fun-clicker-208013-208022/video_game_frontend/src/App.js", "pattern": "/^function formatTime(seconds) {$/", "language": "JavaScript", "kind": "function", "signature": "(seconds)"}, {"_type": "tag", "name": "highScore", "path": "/home/kavia/workspace/code-generation/universal-fun-clicker-208013-208022/video_game_frontend/src/App.js", "pattern": "/^  highScore: \"retroClicker.highScore.v1\",$/", "language": "JavaScript", "kind": "property", "scope": "STORAGE_KEYS", "scopeKind": "class"}, {"_type": "tag", "name": "loadJSON", "path": "/home/kavia/workspace/code-generation/universal-fun-clicker-208013-208022/video_game_frontend/src/App.js", "pattern": "/^function loadJSON(key, fallback) {$/", "language": "JavaScript", "kind": "function", "signature": "(key, fallback)"}, {"_type": "tag", "name": "loop", "path": "/home/kavia/workspace/code-generation/universal-fun-clicker-208013-208022/video_game_frontend/src/App.js", "pattern": "/^    function loop(ts) {$/", "language": "JavaScript", "kind": "function", "signature": "(ts)", "scope": "App", "scopeKind": "function"}, {"_type": "tag", "name": "nowMs", "path": "/home/kavia/workspace/code-generation/universal-fun-clicker-208013-208022/video_game_frontend/src/App.js", "pattern": "/^function nowMs() {$/", "language": "JavaScript", "kind": "function", "signature": "()"}, {"_type": "tag", "name": "onKeyDown", "path": "/home/kavia/workspace/code-generation/universal-fun-clicker-208013-208022/video_game_frontend/src/App.js", "pattern": "/^    function onKeyDown(e) {$/", "language": "JavaScript", "kind": "function", "signature": "(e)", "scope": "App", "scopeKind": "function"}, {"_type": "tag", "name": "onStagePointerDown", "path": "/home/kavia/workspace/code-generation/universal-fun-clicker-208013-208022/video_game_frontend/src/App.js", "pattern": "/^                onPointerDown={onStagePointerDown}$/", "language": "JavaScript", "kind": "field", "scope": "onPointerDown", "scopeKind": "class"}, {"_type": "tag", "name": "onStagePointerDown", "path": "/home/kavia/workspace/code-generation/universal-fun-clicker-208013-208022/video_game_frontend/src/App.js", "pattern": "/^  function onStagePointerDown(e) {$/", "language": "JavaScript", "kind": "function", "signature": "(e)", "scope": "App", "scopeKind": "function"}, {"_type": "tag", "name": "reducedMotion", "path": "/home/kavia/workspace/code-generation/universal-fun-clicker-208013-208022/video_game_frontend/src/App.js", "pattern": "/^  reducedMotion: false,$/", "language": "JavaScript", "kind": "property", "scope": "DEFAULT_SETTINGS", "scopeKind": "class"}, {"_type": "tag", "name": "registerHit", "path": "/home/kavia/workspace/code-generation/universal-fun-clicker-208013-208022/video_game_frontend/src/App.js", "pattern": "/^  function registerHit() {$/", "language": "JavaScript", "kind": "function", "signature": "()", "scope": "App", "scopeKind": "function"}, {"_type": "tag", "name": "registerMiss", "path": "/home/kavia/workspace/code-generation/universal-fun-clicker-208013-208022/video_game_frontend/src/App.js", "pattern": "/^  function registerMiss() {$/", "language": "JavaScript", "kind": "function", "signature": "()", "scope": "App", "scopeKind": "function"}, {"_type": "tag", "name": "resetRound", "path": "/home/kavia/workspace/code-generation/universal-fun-clicker-208013-208022/video_game_frontend/src/App.js", "pattern": "/^  function resetRound() {$/", "language": "JavaScript", "kind": "function", "signature": "()", "scope": "App", "scopeKind": "function"}, {"_type": "tag", "name": "saveJSON", "path": "/home/kavia/workspace/code-generation/universal-fun-clicker-208013-208022/video_game_frontend/src/App.js", "pattern": "/^function saveJSON(key, value) {$/", "language": "JavaScript", "kind": "function", "signature": "(key, value)"}, {"_type": "tag", "name": "settings", "path": "/home/kavia/workspace/code-generation/universal-fun-clicker-208013-208022/video_game_frontend/src/App.js", "pattern": "/^                checked={settings.reducedMotion}$/", "language": "JavaScript", "kind": "field", "scope": "App.checked", "scopeKind": "class"}, {"_type": "tag", "name": "settings", "path": "/home/kavia/workspace/code-generation/universal-fun-clicker-208013-208022/video_game_frontend/src/App.js", "pattern": "/^                checked={settings.sound}$/", "language": "JavaScript", "kind": "field", "scope": "App.checked", "scopeKind": "class"}, {"_type": "tag", "name": "settings", "path": "/home/kavia/workspace/code-generation/universal-fun-clicker-208013-208022/video_game_frontend/src/App.js", "pattern": "/^  settings: \"retroClicker.settings.v1\",$/", "language": "JavaScript", "kind": "property", "scope": "STORAGE_KEYS", "scopeKind": "class"}, {"_type": "tag", "name": "sound", "path": "/home/kavia/workspace/code-generation/universal-fun-clicker-208013-208022/video_game_frontend/src/App.js", "pattern": "/^  sound: false, \\/\\/ Placeholder toggle (no audio assets bundled)$/", "language": "JavaScript", "kind": "property", "scope": "DEFAULT_SETTINGS", "scopeKind": "class"}, {"_type": "tag", "name": "stageRef", "path": "/home/kavia/workspace/code-generation/universal-fun-clicker-208013-208022/video_game_frontend/src/App.js", "pattern": "/^                ref={stageRef}$/", "language": "JavaScript", "kind": "field", "scope": "ref", "scopeKind": "class"}, {"_type": "tag", "name": "startGame", "path": "/home/kavia/workspace/code-generation/universal-fun-clicker-208013-208022/video_game_frontend/src/App.js", "pattern": "/^  function startGame() {$/", "language": "JavaScript", "kind": "function", "signature": "()", "scope": "App", "scopeKind": "function"}, {"_type": "tag", "name": "step", "path": "/home/kavia/workspace/code-generation/universal-fun-clicker-208013-208022/video_game_frontend/src/App.js", "pattern": "/^  function step(dt) {$/", "language": "JavaScript", "kind": "function", "signature": "(dt)", "scope": "App", "scopeKind": "function"}, {"_type": "tag", "name": "theme === \"light\" ? \"dark\" : \"light\"} mode", "path": "/home/kavia/workspace/code-generation/universal-fun-clicker-208013-208022/video_game_frontend/src/App.js", "pattern": "/^              aria-label={`Switch to ${settings.theme === \"light\" ? \"dark\" : \"light\"} mode`}$/", "language": "JavaScript", "kind": "field", "scope": "App.aria.Switch to ${settings", "scopeKind": "class"}, {"_type": "tag", "name": "theme", "path": "/home/kavia/workspace/code-generation/universal-fun-clicker-208013-208022/video_game_frontend/src/App.js", "pattern": "/^  theme: \"light\", \\/\\/ \"light\" | \"dark\"$/", "language": "JavaScript", "kind": "property", "scope": "DEFAULT_SETTINGS", "scopeKind": "class"}, {"_type": "tag", "name": "togglePause", "path": "/home/kavia/workspace/code-generation/universal-fun-clicker-208013-208022/video_game_frontend/src/App.js", "pattern": "/^  function togglePause() {$/", "language": "JavaScript", "kind": "function", "signature": "()", "scope": "App", "scopeKind": "function"}, {"_type": "tag", "name": "updateHighScoreIfNeeded", "path": "/home/kavia/workspace/code-generation/universal-fun-clicker-208013-208022/video_game_frontend/src/App.js", "pattern": "/^  function updateHighScoreIfNeeded(nextScore) {$/", "language": "JavaScript", "kind": "function", "signature": "(nextScore)", "scope": "App", "scopeKind": "function"}], "hash": "db590181c438391bbb2b1eaf970c3bc3", "format-version": 4, "code-base-name": "video_game_frontend", "filename": "video_game_frontend/src/App.js", "fields": [{"name": "tabIndex={0}", "scope": "tabIndex", "scopeKind": "class", "description": "unavailable"}, {"name": "highScore: \"retroClicker.highScore.v1\",", "scope": "STORAGE_KEYS", "scopeKind": "class", "description": "unavailable"}, {"name": "onPointerDown={onStagePointerDown}", "scope": "onPointerDown", "scopeKind": "class", "description": "unavailable"}, {"name": "reducedMotion: false,", "scope": "DEFAULT_SETTINGS", "scopeKind": "class", "description": "unavailable"}, {"name": "checked={settings.reducedMotion}", "scope": "App.checked", "scopeKind": "class", "description": "unavailable"}, {"name": "checked={settings.sound}", "scope": "App.checked", "scopeKind": "class", "description": "unavailable"}, {"name": "settings: \"retroClicker.settings.v1\",", "scope": "STORAGE_KEYS", "scopeKind": "class", "description": "unavailable"}, {"name": "sound: false, \\/\\/ Placeholder toggle (no audio assets bundled)", "scope": "DEFAULT_SETTINGS", "scopeKind": "class", "description": "unavailable"}, {"name": "ref={stageRef}", "scope": "ref", "scopeKind": "class", "description": "unavailable"}, {"name": "aria-label={`Switch to ${settings.theme === \"light\" ? \"dark\" : \"light\"} mode`}", "scope": "App.aria.Switch to ${settings", "scopeKind": "class", "description": "unavailable"}, {"name": "theme: \"light\", \\/\\/ \"light\" | \"dark\"", "scope": "DEFAULT_SETTINGS", "scopeKind": "class", "description": "unavailable"}], "revision_history": [{"25": "44a3edc76468eac9c988c6deec2a5b83cdc56520"}]}