{"is_source_file": false, "format": "", "description": "", "external_files": [], "external_methods": [], "published": [], "classes": [], "methods": [], "calls": [], "search-terms": [], "state": 2, "file_id": 8, "knowledge_revision": 18, "git_revision": "c38575a24f0dcb4dd1748c1c27387d6c6c010872", "hash": "d2b40d02d5f7873d8a6713bad837edd4", "format-version": 4, "code-base-name": "video_game_frontend", "filename": "video_game_frontend/public/index.html", "revision_history": [{"18": "c38575a24f0dcb4dd1748c1c27387d6c6c010872"}]}