{"is_source_file": false, "format": "", "description": "", "external_files": [], "external_methods": [], "published": [], "classes": [], "methods": [], "calls": [], "search-terms": [], "state": 2, "file_id": 4, "knowledge_revision": 17, "git_revision": "44a3edc76468eac9c988c6deec2a5b83cdc56520", "hash": "481614668e4d75b9a783bb409f8b51c3", "format-version": 4, "code-base-name": "video_game_frontend", "filename": "video_game_frontend/src/index.css", "revision_history": [{"17": "44a3edc76468eac9c988c6deec2a5b83cdc56520"}]}