{"is_source_file": true, "format": "JavaScript", "description": "This is the main entry point for a React application, initializing the app by rendering the App component into the DOM.", "external_files": ["react", "react-dom/client", "./index.css", "./App"], "external_methods": ["ReactDOM.createRoot", "root.render"], "published": [], "classes": [], "methods": [{"name": "render", "description": "Renders the React component tree into the specified DOM node."}], "calls": ["ReactDOM.createRoot", "root.render", "React.StrictMode", "App"], "search-terms": ["index.js", "ReactDOM", "React.StrictMode", "App initialization", "Main entry point"], "state": 2, "file_id": 3, "knowledge_revision": 24, "git_revision": "c38575a24f0dcb4dd1748c1c27387d6c6c010872", "ctags": [{"_type": "tag", "name": "root", "path": "/home/kavia/workspace/code-generation/universal-fun-clicker-208013-208022/video_game_frontend/src/index.js", "pattern": "/^const root = ReactDOM.createRoot(document.getElementById('root'));$/", "language": "JavaScript", "kind": "constant"}], "hash": "9fc5841375336fc175b49f8767a11383", "format-version": 4, "code-base-name": "video_game_frontend", "filename": "video_game_frontend/src/index.js", "revision_history": [{"24": "c38575a24f0dcb4dd1748c1c27387d6c6c010872"}]}