{"is_source_file": false, "format": "", "description": "", "external_files": [], "external_methods": [], "published": [], "classes": [], "methods": [], "calls": [], "search-terms": [], "state": 2, "file_id": 5, "knowledge_revision": 22, "git_revision": "c38575a24f0dcb4dd1748c1c27387d6c6c010872", "ctags": [], "hash": "1a77571e1a8cf36018a41bcedf60db75", "format-version": 4, "code-base-name": "video_game_frontend", "filename": "video_game_frontend/src/setupTests.js", "revision_history": [{"22": "c38575a24f0dcb4dd1748c1c27387d6c6c010872"}]}