{"is_source_file": false, "format": null, "description": "", "external_files": [], "external_methods": [], "published": [], "classes": [], "methods": [], "calls": [], "search-terms": [], "state": 2, "file_id": 11, "knowledge_revision": 20, "git_revision": "c38575a24f0dcb4dd1748c1c27387d6c6c010872", "hash": "ebece526bc2eadd78ddd787a76c56607", "format-version": 4, "code-base-name": "video_game_frontend", "filename": "video_game_frontend/README.md", "revision_history": [{"20": "c38575a24f0dcb4dd1748c1c27387d6c6c010872"}]}