{"is_source_file": false, "format": "", "description": "", "external_files": [], "external_methods": [], "published": [], "classes": [], "methods": [], "calls": [], "search-terms": [], "state": 2, "file_id": 6, "knowledge_revision": 14, "git_revision": "44a3edc76468eac9c988c6deec2a5b83cdc56520", "hash": "973a2503a5cf993015d948aabf670469", "format-version": 4, "code-base-name": "video_game_frontend", "filename": "video_game_frontend/src/App.css", "revision_history": [{"14": "44a3edc76468eac9c988c6deec2a5b83cdc56520"}]}