{"is_source_file": false, "format": "", "description": "", "external_files": [], "external_methods": [], "published": [], "classes": [], "methods": [], "calls": [], "search-terms": [], "state": 2, "file_id": 12, "knowledge_revision": 21, "git_revision": "c38575a24f0dcb4dd1748c1c27387d6c6c010872", "hash": "be6538e7523bc2e9da0743133d784136", "format-version": 4, "code-base-name": "video_game_frontend", "filename": "video_game_frontend/eslint.config.mjs", "revision_history": [{"21": "c38575a24f0dcb4dd1748c1c27387d6c6c010872"}]}